variant,case,repetition,behavior,behaviorClose,attempt_id,original_report_sha256,localCloseCode,localCloseReason,remoteCloseCode,remoteCloseReason,closedByMe,wasCloseHandshakeTimeout,resultClose
R,5.6,1,OK,OK,p-8254efb5-00-R-5_6-r1,1a4e780521d0285045d0d13c2f5dc7f9b7d0bb2d26b5f7c08a98e137313dfe56,1000,null,1000,null,true,false,Connection was properly closed
R,5.6,2,OK,OK,p-8254efb5-01-R-5_6-r2,c6dc52c0ce9a05f21edb0686b7851cc2343acdc7692fc089b9383a52fe989eba,1000,null,1000,null,true,false,Connection was properly closed
R,5.6,3,OK,OK,p-8254efb5-02-R-5_6-r3,cddbbe7b2e2ee5466203f491425359eb6df6a48eda77501a5355e71ba93c799e,1000,null,1000,null,true,false,Connection was properly closed
R,5.18,1,OK,OK,p-8254efb5-03-R-5_18-r1,1d8f840e7c037eb859f51faf773c26e590a1e6b501a22f8b7c6360ac970eb5a5,1000,null,1002,expected a continuation frame,false,false,Connection was properly closed
R,5.18,2,OK,OK,p-8254efb5-04-R-5_18-r2,987217cab5a9cc4980de49def3ee4e37a2d11b52f25e112885998eb3a106920d,1000,null,1002,expected a continuation frame,false,false,Connection was properly closed
R,5.18,3,OK,OK,p-8254efb5-05-R-5_18-r3,a0e839e229ac2bf732338b112aa5d944e48a2152ab32304adb1859d6b350da2e,1000,null,1002,expected a continuation frame,false,false,Connection was properly closed
B,5.6,1,OK,OK,p-8254efb5-06-B-5_6-r1,2efd0be1f73237e210747781add9be0b73aaded3c08f4b3d9c332ab73712860c,1000,null,1000,null,true,false,Connection was properly closed
B,5.6,2,OK,OK,p-8254efb5-07-B-5_6-r2,6fad62acbcf52ae1e1f9c9b41d83c7278062ab95fdd726fb2474b70441307d7d,1000,null,1000,null,true,false,Connection was properly closed
B,5.6,3,OK,OK,p-8254efb5-08-B-5_6-r3,eacf7192ac47fbd582a55dbf29abd900333ba3dd160d9bf00d7eaeca17dabb41,1000,null,1000,null,true,false,Connection was properly closed
B,5.18,1,OK,OK,p-8254efb5-09-B-5_18-r1,40c529e14f9f3d6003ac007b830e396ccaaf21c7d33fbcb0dc0a38b5bce72761,1000,null,1002,null,false,false,Connection was properly closed
B,5.18,2,OK,OK,p-8254efb5-10-B-5_18-r2,c3b11c505c3ae6c3373cdf6f6697080b13efdc3305fcfd21f860482eba509e4d,1000,null,1002,null,false,false,Connection was properly closed
B,5.18,3,OK,OK,p-8254efb5-11-B-5_18-r3,62adc10406611c80be149fff4e2b4c377d43ba91b150e05bc9c3701c10016ef9,1000,null,1002,null,false,false,Connection was properly closed
I,5.6,1,OK,OK,p-8254efb5-12-I-5_6-r1,a2e129439be7cb6541d5da9c0b5597e8107b7e1db645c4b74064df3e693c4807,1000,null,1000,null,true,false,Connection was properly closed
I,5.6,2,OK,OK,p-8254efb5-13-I-5_6-r2,0ee87c2ae65d4197a11185498b062fd27d9b25852d109a6b88f3f2254e2a44fe,1000,null,1000,null,true,false,Connection was properly closed
I,5.6,3,OK,OK,p-8254efb5-14-I-5_6-r3,0487b8e53f316f39ecc05f606e76da51fa949827aa413a51b0e5fff1c646a3c4,1000,null,1000,null,true,false,Connection was properly closed
I,5.18,1,OK,OK,p-8254efb5-15-I-5_18-r1,90370c84f3a81614b11929f79707d56c1a612e2d4a03337824e92999810a67e0,1000,null,1002,null,false,false,Connection was properly closed
I,5.18,2,OK,OK,p-8254efb5-16-I-5_18-r2,77d7aa0840be404120d75e7d6f6009e2882d12c13a13e3f562e81af617abf21c,1000,null,1002,null,false,false,Connection was properly closed
I,5.18,3,OK,OK,p-8254efb5-17-I-5_18-r3,e12a2e180de3949fba595bc8e7bb4ab9bf868f3c0a36750c9b2c9168f2630760,1000,null,1002,null,false,false,Connection was properly closed
P,5.6,1,FAILED,OK,p-8254efb5-18-P-5_6-r1,1764160b9618deea201676d08e6200d9f1b91e7309c6fe2c321ca0852636aadc,null,null,null,null,true,false,Connection was properly closed
P,5.6,2,FAILED,OK,p-8254efb5-19-P-5_6-r2,e5498ac7416c16f5e5ba8ddd6ebb4f933af130e320fdc31cc251a2b1da34724a,null,null,null,null,true,false,Connection was properly closed
P,5.6,3,FAILED,OK,p-8254efb5-20-P-5_6-r3,23a538a249142da1d5c37c799d097e266f9d6abe2fa600deacd588efbe26a39b,null,null,null,null,true,false,Connection was properly closed
P,5.18,1,OK,OK,p-8254efb5-21-P-5_18-r1,a3c0ed62dae3475be92fd544b2c58f2f677de54eb562d7b8b6ffb0f6e9673700,1000,null,1002,null,false,false,Connection was properly closed
P,5.18,2,OK,OK,p-8254efb5-22-P-5_18-r2,0465696e6d6165b23c6bd9aaa2260707ba30fa1f5dbdc33be682c235fb86ba4d,1000,null,1002,null,false,false,Connection was properly closed
P,5.18,3,OK,OK,p-8254efb5-23-P-5_18-r3,839e9c5823d0592e783161acb187cb899c6829f59a5bd3ef5fed7f7e75b42d55,1000,null,1002,null,false,false,Connection was properly closed
M,5.6,1,OK,OK,p-8254efb5-24-M-5_6-r1,f08cfdd53e42ad635c3dae71c9c3f53c209a26eee29cee9a48c6ca78ee06e4e3,1000,null,1000,null,true,false,Connection was properly closed
M,5.6,2,OK,OK,p-8254efb5-25-M-5_6-r2,971bc87020c1f2b9b16f99ce48bb1820dd8effcbd5897613fbd416d2ccafebf6,1000,null,1000,null,true,false,Connection was properly closed
M,5.6,3,OK,OK,p-8254efb5-26-M-5_6-r3,522104c15158cb25b0c0b82fc8a5b93c6cb9e723b2ea1e6f0908c8168b228267,1000,null,1000,null,true,false,Connection was properly closed
M,5.18,1,OK,FAILED,p-8254efb5-27-M-5_18-r1,e97be424308afa7925b8fc4f09a6094c188761f9aca47cad3be3023e80ffe97f,1001,Going Away,1001,Going Away,true,false,The connection was failed by the wrong endpoint
M,5.18,2,OK,FAILED,p-8254efb5-28-M-5_18-r2,c4057fba463f7672124c7021b253e6163326c3884f509fb2ac7b1e5e9c2b5834,1001,Going Away,1001,Going Away,true,false,The connection was failed by the wrong endpoint
M,5.18,3,OK,FAILED,p-8254efb5-29-M-5_18-r3,900bb55ab3ffab9db539451f0b9a1c508f2fd391aea9e609b1655e6309a20e00,1001,Going Away,1001,Going Away,true,false,The connection was failed by the wrong endpoint
